text,,,,,,,
In the United States, credit plays a major role in determining the financial health of individuals. Credit history, based on payment discipline, is a key factor in issuing loans. There are different types of loans, including personal loans, student loans, mortgages, and credit cards.
Key aspects of credit in the United States:,,,,,,,
Credit history:,,,,,,,
This is formed on the basis of data on payments on loans, bills, and other financial obligations. Credit history is important for obtaining loans, renting a home, finding a job, and even when entering into contracts for utility services.,,
Credit scores:,,,,,,,
These are usually calculated based on credit history and are used by lenders to assess the creditworthiness of the borrower.,,,,,,,
Types of loans:,,,,,,,
There are different types of loans available in the United States, including:,,,,,,
Personal loans: Provided for various purposes, such as buying a car, paying for education, or consolidating debts.,,,,
Student loans: Designed to finance higher education. Mortgage Loans: Used to purchase real estate.,,,,,,,
Credit Cards: Allow borrowers to make purchases up to a set limit.,,,,,,,
Interest Rates:,,,,,,,
These vary depending on the type of loan, the borrower's credit history, and the current economic situation.,,,,,
Laws:,,,,,,,
Credit in the United States is regulated by federal and state laws designed to protect consumers.,,,,,,,
Additional Information:,,,,,,,
There are several credit bureaus in the United States that collect and process data on individuals' credit histories.,,,,,,,
Borrowers can check their credit history and credit score on a regular basis to identify errors and take steps to improve their credit standing.,,,,,,,
Some lenders, such as LendingUSA, offer specialized solutions for borrowers and merchants.,,,,,
LendingUSA was founded in 2015 to provide easy-to-use solutions for borrowers and merchants.,,,,,,,
In the United States,,,,,,,
Key aspects of credit in the United States:,,,,,,,
Credit history:,,,,,,,
This is formed on the basis of data on payments on loans,,,,,,,
Credit scores:,,,,,,,
These are usually calculated based on credit history and are used by lenders to assess the creditworthiness of the borrower.,,,,,,,
Types of loans:,,,,,,,
There are different types of loans available in the United States,,,,,,,
Personal loans: Provided for various purposes,,,,,,,
Student loans: Designed to finance higher education. Mortgage Loans: Used to purchase real estate.,,,,,,,
Credit Cards: Allow borrowers to make purchases up to a set limit.,,,,,,,
Interest Rates:,,,,,,,
These vary depending on the type of loan,,,,,,,
Laws:,,,,,,,
Credit in the United States is regulated by federal and state laws designed to protect consumers.,,,,,,,
Additional Information:,,,,,,,
There are several credit bureaus in the United States that collect and process data on individuals' credit histories.,,,,,,,
Borrowers can check their credit history and credit score on a regular basis to identify errors and take steps to improve their credit standing.,,,,,,,
Some lenders,,,,,,,
LendingUSA was founded in 2015 to provide easy-to-use solutions for borrowers and merchants.,,,,,,,
